{
  "num_rows": 154,
  "features": {
    "numtimesprg": {
      "type": "continuous",
      "group": "default",
      "statistics": {
        "cnt": 154.0,
        "min": 0.0,
        "max": 14.0,
        "mean": 3.844155844155844,
        "std": 3.2675696320641623,
        "skew": 0.9921809316105886,
        "kurt": 0.4004595501211382,
        "ste": 0.26330826460692647,
        "cv": 85.00096678004746,
        "var": 10.677011300387925,
        "sum": 592.0,
        "uss": 3920.0,
        "css": 1644.2597402597403,
        "histogram": {
          "edges": [
            0.0,
            1.7,
            3.4,
            5.1,
            6.8,
            8.5,
            10.2,
            11.9,
            13.6,
            15.299999999999999,
            17.0
          ],
          "values": [
            45.0,
            40.0,
            26.0,
            13.0,
            14.0,
            8.0,
            2.0,
            5.0,
            1.0,
            0.0
          ]
        }
      }
    },
    "plglcconc": {
      "type": "continuous",
      "group": "default",
      "statistics": {
        "cnt": 154.0,
        "min": 0.0,
        "max": 195.0,
        "mean": 125.07792207792208,
        "std": 34.01174977790715,
        "skew": 0.06270382300976028,
        "kurt": 0.1532094820733987,
        "ste": 2.740744901772271,
        "cv": 27.192448685482823,
        "var": 1156.799122954967,
        "sum": 19262.0,
        "uss": 2587398.0,
        "css": 178147.06493506493,
        "histogram": {
          "edges": [
            0.0,
            19.9,
            39.8,
            59.699999999999996,
            79.6,
            99.5,
            119.39999999999999,
            139.29999999999998,
            159.2,
            179.1,
            199.0
          ],
          "values": [
            1.0,
            1.0,
            0.0,
            5.0,
            26.0,
            42.0,
            29.0,
            20.0,
            17.0,
            13.0
          ]
        }
      }
    },
    "bloodp": {
      "type": "continuous",
      "group": "default",
      "statistics": {
        "cnt": 154.0,
        "min": 0.0,
        "max": 104.0,
        "mean": 69.04545454545455,
        "std": 18.256591376527336,
        "skew": -2.0513005834858906,
        "kurt": 5.892012322453707,
        "ste": 1.4711580576033456,
        "cv": 26.44140949859127,
        "var": 333.3031286894923,
        "sum": 10633.0,
        "uss": 785489.0,
        "css": 51328.681818181816,
        "histogram": {
          "edges": [
            0.0,
            12.2,
            24.4,
            36.599999999999994,
            48.8,
            61.0,
            73.19999999999999,
            85.39999999999999,
            97.6,
            109.8,
            122.0
          ],
          "values": [
            6.0,
            1.0,
            0.0,
            4.0,
            25.0,
            50.0,
            45.0,
            22.0,
            1.0,
            0.0
          ]
        }
      }
    },
    "skinthick": {
      "type": "continuous",
      "group": "default",
      "statistics": {
        "cnt": 154.0,
        "min": 0.0,
        "max": 63.0,
        "mean": 22.993506493506494,
        "std": 15.302786756329649,
        "skew": -0.11027505382846982,
        "kurt": -0.775333707527722,
        "ste": 1.2331336981833894,
        "cv": 66.55264502894002,
        "var": 234.1752825096981,
        "sum": 3541.0,
        "uss": 117483.0,
        "css": 36062.993506493505,
        "histogram": {
          "edges": [
            0.0,
            9.9,
            19.8,
            29.700000000000003,
            39.6,
            49.5,
            59.400000000000006,
            69.3,
            79.2,
            89.10000000000001,
            99.0
          ],
          "values": [
            33.0,
            26.0,
            40.0,
            31.0,
            20.0,
            3.0,
            1.0,
            0.0,
            0.0,
            0.0
          ]
        }
      }
    },
    "twohourserins": {
      "type": "continuous",
      "group": "default",
      "statistics": {
        "cnt": 154.0,
        "min": 0.0,
        "max": 540.0,
        "mean": 92.8896103896104,
        "std": 121.47077900382567,
        "skew": 1.617601135535846,
        "kurt": 2.4492310981630507,
        "ste": 9.788394317933474,
        "cv": 130.76896166787245,
        "var": 14755.150151796255,
        "sum": 14305.0,
        "uss": 3601079.0,
        "css": 2272293.1233766233,
        "histogram": {
          "edges": [
            0.0,
            84.6,
            169.2,
            253.79999999999998,
            338.4,
            423.0,
            507.59999999999997,
            592.1999999999999,
            676.8,
            761.4,
            846.0
          ],
          "values": [
            89.0,
            35.0,
            15.0,
            7.0,
            2.0,
            5.0,
            1.0,
            0.0,
            0.0,
            0.0
          ]
        }
      }
    },
    "bmi": {
      "type": "continuous",
      "group": "default",
      "statistics": {
        "cnt": 154.0,
        "min": 0.0,
        "max": 59.4,
        "mean": 32.35454545454546,
        "std": 8.042993974019602,
        "skew": -0.24929760444531673,
        "kurt": 3.1882732645428047,
        "ste": 0.6481229243782748,
        "cv": 24.858930518183648,
        "var": 64.68975206611562,
        "sum": 4982.6,
        "uss": 171171.98,
        "css": 9962.221818181804,
        "histogram": {
          "edges": [
            0.0,
            6.71,
            13.42,
            20.13,
            26.84,
            33.55,
            40.26,
            46.97,
            53.68,
            60.39,
            67.1
          ],
          "values": [
            2.0,
            2.0,
            0.0,
            31.0,
            51.0,
            48.0,
            15.0,
            3.0,
            2.0,
            0.0
          ]
        }
      }
    },
    "dipedfunc": {
      "type": "continuous",
      "group": "default",
      "statistics": {
        "cnt": 154.0,
        "min": 0.084,
        "max": 2.42,
        "mean": 0.49714285714285716,
        "std": 0.3692933129917304,
        "skew": 2.298448734385195,
        "kurt": 7.54402317853356,
        "ste": 0.029758503206974866,
        "cv": 74.28313767075036,
        "var": 0.13637755102040816,
        "sum": 76.56,
        "uss": 59.0634,
        "css": 21.002142857142857,
        "histogram": {
          "edges": [
            0.07,
            0.31,
            0.55,
            0.78,
            1.01,
            1.25,
            1.48,
            1.72,
            1.95,
            2.19,
            2.42
          ],
          "values": [
            60.0,
            45.0,
            27.0,
            11.0,
            6.0,
            1.0,
            1.0,
            1.0,
            1.0,
            1.0
          ]
        }
      }
    },
    "age": {
      "type": "continuous",
      "group": "default",
      "statistics": {
        "cnt": 154.0,
        "min": 21.0,
        "max": 66.0,
        "mean": 31.538961038961038,
        "std": 10.1598478340706,
        "skew": 1.198062630080405,
        "kurt": 0.8866734390326686,
        "ste": 0.818703869569761,
        "cv": 32.21364147512605,
        "var": 103.22250801146905,
        "sum": 4857.0,
        "uss": 169081.0,
        "css": 15896.266233766233,
        "histogram": {
          "edges": [
            21.0,
            27.0,
            33.0,
            39.0,
            45.0,
            51.0,
            57.0,
            63.0,
            69.0,
            75.0,
            81.0
          ],