{
  "num_rows": 9774,
  "features": {
    "person_income": {
      "type": "continuous",
      "group": "default",
      "statistics": {
        "cnt": 9774.0,
        "min": -0.998268543,
        "max": 27.68417447,
        "mean": -0.001345576932166973,
        "std": 0.8375467664076345,
        "skew": 8.138423480065521,
        "kurt": 165.72513038453496,
        "ste": 0.008471745466080706,
        "cv": -62244.43555663624,
        "var": 0.7014845859198847,
        "sum": -13.151668934999995,
        "uss": 6856.328039363291,
        "css": 6856.310342780953
      },
      "importance": 358.3009836040715
    },
    "loan_amnt": {
      "type": "continuous",
      "group": "default",
      "statistics": {
        "cnt": 9774.0,
        "min": -1.43773901,
        "max": 4.019403765,
        "mean": -0.011382511190198478,
        "std": 0.9993804784771453,
        "skew": 1.212366340536501,
        "kurt": 1.52486952386383,
        "ste": 0.010108685720013482,
        "cv": -8779.964823032333,
        "var": 0.9987613407612078,
        "sum": -111.25266437299993,
        "uss": 9763.15967929721,
        "css": 9761.893344600045
      },
      "importance": 382.9195407287675
    }
  },
  "targets": {
    "loan_status": {
      "type": "categorical",
      "group": "default",
      "statistics": {
        "unmonitored_frequency": {
          "0": 7586.0,
          "1": 2188.0
        }
      }
    }
  },
  "missing_metadata": {
    "continuous": [
      "loan_amnt",
      "person_income"
    ]
  }
}