{
  "num_rows": 9774,
  "features": {
    "person_income": {
      "type": "continuous",
      "group": "default",
      "statistics": {
        "cnt": 9774.0,
        "min": -1.001495277,
        "max": 29.58794783,
        "mean": 0.0018389581664620303,
        "std": 0.8662581014591665,
        "skew": 10.06127770213908,
        "kurt": 227.34142089459112,
        "ste": 0.008762159246306033,
        "cv": 47105.916668336155,
        "var": 0.7504030983436395,
        "sum": 17.973977118999883,
        "uss": 7334.4729366027395,
        "css": 7334.439883210733,
        "histogram": {
          "edges": [
            -1.001495277,
            8.6722547687,
            18.3460048144,
            28.0197548601,
            37.6935049058,
            47.3672549515,
            57.0410049972,
            66.7147550429,
            76.3885050886,
            86.0622551343,
            95.73600518
          ],
          "values": [
            9760.0,
            11.0,
            2.0,
            1.0,
            0.0,
            0.0,
            0.0,
            0.0,
            0.0,
            0.0
          ]
        }
      },
      "importance": NaN
    }
  },
  "targets": {
    "loan_status": {
      "type": "categorical",
      "group": "default",
      "statistics": {
        "frequency": {
          "1": 2085.0,
          "0": 7689.0
        }
      },
      "categories": [
        "1",
        "0"
      ]
    }
  }
}