{
  "num_rows": 32581,
  "features": {
    "person_income": {
      "type": "continuous",
      "group": "default",
      "statistics": {
        "cnt": 32581.0,
        "min": -1.001495277,
        "max": 95.73600518,
        "mean": -9.790982739345322e-12,
        "std": 0.9999999999922282,
        "skew": 32.8668619825215,
        "kurt": 2693.438295239978,
        "ste": 0.005540102438506116,
        "cv": -10213479347417.31,
        "var": 0.9999999999844563,
        "sum": -3.1900000863060995e-07,
        "uss": 32580.99999949357,
        "css": 32580.99999949357,
        "histogram": {
          "edges": [
            -1.001495277,
            8.6722547687,
            18.3460048144,
            28.0197548601,
            37.6935049058,
            47.3672549515,
            57.0410049972,
            66.7147550429,
            76.3885050886,
            86.0622551343,
            95.73600518
          ],
          "values": [
            32542.0,
            33.0,
            3.0,
            2.0,
            1.0,
            0.0,
            0.0,
            0.0,
            0.0,
            0.0
          ]
        }
      }
    },
    "loan_amnt": {
      "type": "continuous",
      "group": "default",
      "statistics": {
        "cnt": 32581.0,
        "min": -1.43773901,
        "max": 4.019403765,
        "mean": -1.7832485870756753e-11,
        "std": 1.0000000000246734,
        "skew": 1.1925323305328397,
        "kurt": 1.4238368796114171,
        "ste": 0.005540102438685865,
        "cv": -5607743122704.835,
        "var": 1.0000000000493465,
        "sum": -5.810002221551258e-07,
        "uss": 32581.00000160776,
        "css": 32581.00000160776,
        "histogram": {
          "edges": [
            -1.43773901,
            -0.8920247325,
            -0.346310455,
            0.1994038225,
            0.7451181,
            1.2908323775,
            1.836546655,
            2.3822609325,
            2.92797521,
            3.4736894875,
            4.019403765
          ],
          "values": [
            5123.0,
            9431.0,
            7389.0,
            3905.0,
            2870.0,
            1925.0,
            675.0,
            925.0,
            125.0,
            213.0
          ]
        }
      }
    }
  },
  "targets": {
    "loan_status": {
      "type": "categorical",
      "group": "default",
      "statistics": {
        "frequency": {
          "1": 55.0,
          "0": 32526.0
        }
      },
      "categories": [
        "1",
        "0"
      ]
    }
  }
}