{
  "num_rows": 32581,
  "features": {
    "person_income": {
      "type": "continuous",
      "group": "default",
      "statistics": {
        "cnt": 32581.0,
        "min": -1.001495277,
        "max": 95.73600518,
        "mean": -9.790982303175324e-12,
        "std": 0.9999999999922282,
        "skew": 32.866861982521485,
        "kurt": 2693.4382952399774,
        "ste": 0.005540102438506116,
        "cv": -10213479802408.764,
        "var": 0.9999999999844564,
        "sum": -3.1899999441975524e-07,
        "uss": 32580.999999493575,
        "css": 32580.999999493575,
        "histogram": {
          "edges": [
            -1.001495277,
            8.6722547687,
            18.3460048144,
            28.0197548601,
            37.6935049058,
            47.3672549515,
            57.0410049972,
            66.7147550429,
            76.3885050886,
            86.0622551343,
            95.73600518
          ],
          "values": [
            32542.0,
            33.0,
            3.0,
            2.0,
            1.0,
            0.0,
            0.0,
            0.0,
            0.0,
            0.0
          ]
        }
      }
    }
  },
  "targets": {
    "loan_status": {
      "type": "categorical",
      "group": "default",
      "statistics": {
        "frequency": {
          "1": 0,
          "0": 32581.0
        }
      },
      "categories": [
        "1",
        "0"
      ]
    }
  }
}