{
  "num_rows": 32581,
  "features": {
    "person_income": {
      "type": "continuous",
      "group": "default",
      "statistics": {
        "cnt": 32581.0,
        "min": -1.001495277,
        "max": 95.73600518,
        "mean": -9.790948936170452e-12,
        "std": 0.9999999999922302,
        "skew": 32.8668619825213,
        "kurt": 2693.4382952399624,
        "ste": 0.005540102438506127,
        "cv": -10213514609375.152,
        "var": 0.9999999999844604,
        "sum": -3.1899890728936953e-07,
        "uss": 32580.999999493706,
        "css": 32580.999999493706,
        "histogram": {
          "edges": [
            -1.001495277,
            8.6722547687,
            18.3460048144,
            28.0197548601,
            37.6935049058,
            47.3672549515,
            57.0410049972,
            66.7147550429,
            76.3885050886,
            86.0622551343,
            95.73600518
          ],
          "values": [
            32542.0,
            33.0,
            3.0,
            2.0,
            1.0,
            0.0,
            0.0,
            0.0,
            0.0,
            0.0
          ]
        }
      }
    }
  },
  "targets": {
    "loan_status": {
      "type": "categorical",
      "group": "default",
      "statistics": {
        "frequency": {
          "1": 0,
          "0": 32581.0
        }
      },
      "categories": [
        "1",
        "0"
      ]
    }
  }
}