{
  "num_rows": 9774,
  "features": {
    "person_income": {
      "type": "continuous",
      "group": "default",
      "statistics": {
        "cnt": 9774.0,
        "min": -1.001495277,
        "max": 31.84317711,
        "mean": 0.005332035202066702,
        "std": 0.9215755405025704,
        "skew": 12.039805933870268,
        "kurt": 298.584508880269,
        "ste": 0.009321692495322324,
        "cv": 17283.748242047743,
        "var": 0.8493014768526047,
        "sum": 52.11531206499994,
        "uss": 8301.350515435855,
        "css": 8301.072634757358,
        "histogram": {
          "edges": [
            -1.001495277,
            8.6722547687,
            18.3460048144,
            28.0197548601,
            37.6935049058,
            47.3672549515,
            57.0410049972,
            66.7147550429,
            76.3885050886,
            86.0622551343,
            95.73600518
          ],
          "values": [
            9761.0,
            11.0,
            1.0,
            1.0,
            0.0,
            0.0,
            0.0,
            0.0,
            0.0,
            0.0
          ]
        }
      },
      "importance": 448.78519054317593
    },
    "loan_amnt": {
      "type": "continuous",
      "group": "default",
      "statistics": {
        "cnt": 9774.0,
        "min": -1.43773901,
        "max": 4.019403765,
        "mean": 0.02006253775925927,
        "std": 1.0113426077853707,
        "skew": 1.157891611105424,
        "kurt": 1.3103694634908452,
        "ste": 0.010229682085585154,
        "cv": 5040.950551326019,
        "var": 1.0228138703221141,
        "sum": 196.09124405900008,
        "uss": 10000.916856516538,
        "css": 9996.982768528345,
        "histogram": {
          "edges": [
            -1.43773901,
            -0.8920247325,
            -0.346310455,
            0.1994038225,
            0.7451181,
            1.2908323775,
            1.836546655,
            2.3822609325,
            2.92797521,
            3.4736894875,
            4.019403765
          ],
          "values": [
            1546.0,
            2848.0,
            2218.0,
            1110.0,
            883.0,
            621.0,
            189.0,
            261.0,
            36.0,
            62.0
          ]
        }
      },
      "importance": 265.594159795372
    }
  },
  "targets": {
    "loan_status": {
      "type": "categorical",
      "group": "default",
      "statistics": {
        "frequency": {
          "1": 2127.0,
          "0": 7647.0
        }
      },
      "categories": [
        "1",
        "0"
      ]
    }
  }
}